x,y,z,kmeans_cluster,dbscan_cluster,image_id
7.334436,-23.67392,8.713952,1,-1,0
15.064685,39.947502,-3.9443583,5,-1,1
19.489332,41.13901,-7.3957953,5,-1,2
31.71773,-28.362131,-14.112184,8,-1,3
-34.30049,-43.96601,35.658737,2,-1,4
-19.506973,-8.664425,50.313995,7,-1,5
37.920662,7.0227404,2.4487011,1,-1,6
29.760897,29.25994,21.884472,6,-1,7
-37.913246,-10.849211,31.952303,1,-1,8
41.743435,8.125276,-10.057602,3,-1,9
-20.691446,54.19715,6.7895722,8,-1,10
44.105232,8.636401,-43.695274,3,-1,11
-20.260141,-11.051939,-1.6728894,1,-1,12
21.93969,-28.687538,-36.463196,9,-1,13
37.076855,12.441611,-46.355244,3,-1,14
38.43083,18.303965,18.081766,6,-1,15
-30.982903,-3.6631384,-8.833656,8,-1,16
12.849807,-60.51176,8.124152,4,-1,17
7.967317,43.865124,-20.506844,5,-1,18
-24.905088,-30.349142,36.9535,2,-1,19
13.145438,-33.120625,-21.820366,9,-1,20
-25.564621,37.618855,12.79579,8,-1,21
-3.3346562,-46.23238,38.236908,6,-1,22
37.750137,32.68269,-46.82324,3,-1,23
-8.495535,-36.63805,-6.7625184,9,-1,24
18.275557,-36.874737,-24.20324,9,-1,25
-31.162539,-51.108078,0.13546063,7,-1,26
-15.468337,39.251423,26.396627,0,-1,27
30.815477,-2.0191119,-42.416397,3,-1,28
-36.770412,-49.831745,36.04924,2,-1,29
-25.587465,-0.68197834,48.575974,7,-1,30
24.978283,-20.46407,41.42886,1,-1,31
-13.523621,-46.549416,22.891794,7,-1,32
-31.962042,4.8722415,51.549076,7,-1,33
19.37753,7.817606,-46.43418,3,-1,34
15.370956,-23.618475,14.625759,0,-1,35
-4.029786,-57.224213,-1.31802,4,-1,36
44.140385,18.361502,-29.863214,3,-1,37
38.367878,35.656925,-64.37628,3,-1,38
-39.86264,-12.048644,-25.07626,1,-1,39
19.384542,-17.967129,-27.94296,9,-1,40
-23.874798,-30.272108,31.62784,2,-1,41
27.097656,-10.217875,12.471173,0,-1,42
-40.46717,-25.404903,42.41512,7,-1,43
-0.805485,30.522985,-50.154602,8,-1,44
26.919573,19.117142,-38.52894,3,-1,45
-42.750195,-15.750902,27.091331,1,-1,46
33.849487,-1.9271542,-19.34556,3,-1,47
1.3944993,-61.49765,-11.0954075,4,-1,48
-2.7694502,-27.30261,57.91261,2,-1,49
14.91338,-9.884651,-33.961723,5,-1,50
-3.0175834,40.239643,-27.961897,5,-1,51
12.054707,12.525138,8.7956915,2,-1,52
5.216212,-27.848743,34.1131,7,-1,53
-20.028486,21.68284,-14.522375,8,-1,54
-17.634754,13.498415,-35.374496,8,-1,55
-10.115351,-23.316828,-22.74666,9,-1,56
1.2835743,-3.8350883,20.564348,0,-1,57
-9.408697,-0.4116669,46.169678,4,-1,58
41.133015,-5.326736,14.523673,1,-1,59
-11.49351,-62.56379,-7.4893575,4,-1,60
-26.435085,-17.55562,10.099213,7,-1,61
-28.623306,-60.906174,18.056087,0,-1,62
-14.82129,13.210245,-44.8866,8,-1,63
-9.473136,-15.330276,47.920914,7,-1,64
-7.617327,4.090784,22.954536,6,-1,65
38.546143,39.790836,-11.587919,3,-1,66
-15.290778,21.816679,15.375857,8,-1,67
-9.258607,-41.129967,7.2779136,7,-1,68
-17.464817,-18.603899,-29.643408,9,-1,69
-9.153596,2.6618192,13.042124,6,-1,70
-15.986712,-4.2896314,48.818157,7,-1,71
-19.084332,44.88558,-25.987587,8,-1,72
-14.59223,30.214468,-22.352037,5,-1,73
16.290567,-4.438912,-30.112297,5,-1,74
-18.456207,15.948067,9.015208,8,-1,75
7.7948103,-4.2730894,-30.142574,5,-1,76
2.3782377,-16.86117,6.988532,1,-1,77
35.539497,-6.5344257,11.408212,1,-1,78
-31.198044,17.550722,-19.305737,5,-1,79
11.20518,36.729404,-16.715998,5,-1,80
13.091059,33.332695,-46.450005,8,-1,81
44.256557,44.0535,-22.6463,3,-1,82
13.525705,-27.559124,-10.599459,9,-1,83
27.281122,-24.919024,-16.772945,9,-1,84
22.366673,-38.8568,23.220375,9,-1,85
44.158623,-29.274115,3.8840368,1,-1,86
5.7507463,-6.91927,-19.390461,5,-1,87
15.5705385,44.39362,-26.523071,5,-1,88
36.325897,37.389847,-53.412907,3,-1,89
-10.985674,30.38503,-14.248063,5,-1,90
-19.208464,-5.8300157,26.505312,1,-1,91
-9.439234,39.939636,-34.908257,5,-1,92
-7.2244983,-31.626783,52.776566,2,-1,93
-6.096143,-62.711002,-1.9320277,4,-1,94
-28.135468,-5.476383,23.787771,7,-1,95
-38.119396,-43.732117,30.857615,6,-1,96
-35.092857,20.815472,12.01175,8,-1,97
-24.3979,43.866035,23.99143,8,-1,98
-18.371344,-50.56598,-27.445051,4,-1,99
-2.0671875,-46.49,26.644682,4,-1,100
-3.0000448,-32.980476,32.095375,7,-1,101
33.912876,17.389328,17.210691,0,-1,102
-43.85971,-10.143614,33.07385,7,-1,103
31.273994,36.05569,-20.267656,3,-1,104
50.70257,42.177288,-19.748869,3,-1,105
-46.321754,-0.9765403,6.936763,6,-1,106
-12.49176,-30.333569,50.936584,2,-1,107
11.408969,38.222126,2.7517147,5,-1,108
9.126006,-24.371523,-5.7668104,1,-1,109
-13.365643,-63.78086,0.362525,4,-1,110
-0.9289985,29.663315,19.139288,8,-1,111
-15.940159,20.746977,3.4764824,8,-1,112
4.622203,-42.024693,45.53217,6,-1,113
34.323242,44.062737,-34.99359,3,-1,114
24.226202,-24.98319,6.9148707,0,-1,115
-12.079286,46.11537,21.938414,9,-1,116
27.926987,2.086113,26.773434,9,-1,117
-19.309757,-3.327875,64.35114,2,-1,118
-12.3774395,-19.419363,-18.86965,1,-1,119
9.754131,40.361046,-8.790025,5,-1,120
-35.027695,34.516758,20.072372,0,-1,121
30.88085,-1.4454191,-66.48688,3,-1,122
-3.213238,41.013874,29.070662,0,-1,123
-4.798221,17.286663,-24.737347,5,-1,124
-2.8452935,24.451015,5.059326,6,-1,125
-4.026163,36.98983,-19.853298,5,-1,126
26.644327,-3.6659412,40.757885,7,-1,127
25.949764,-18.055647,-2.1688483,9,-1,128
-14.146023,10.216525,29.072828,6,-1,129
-11.551237,-58.371513,26.642078,7,-1,130
50.802666,24.270563,-26.39771,3,-1,131
3.3485909,37.790558,-28.68142,5,-1,132
23.690838,36.473495,-58.088696,3,-1,133
27.32098,-8.793311,-8.880192,9,-1,134
6.5492425,21.411028,25.890614,6,-1,135
37.093586,19.891994,-58.63543,3,-1,136
-0.69349444,-71.85485,-14.419348,4,-1,137
-6.646694,9.152707,24.367916,6,-1,138
4.396897,31.1956,-41.556293,3,-1,139
-28.09783,-12.730484,29.367367,2,-1,140
-7.999999,-9.227186,-12.428636,0,-1,141
-11.459263,-36.442898,66.16446,2,-1,142
46.354893,-3.4070456,2.2164752,1,-1,143
-42.714634,12.232722,-17.08442,1,-1,144
22.70445,-15.568091,27.646782,1,-1,145
-3.2889087,-20.496635,34.443714,7,-1,146
-51.490746,-0.1973336,-25.168472,1,-1,147
11.322292,-8.981679,19.39733,0,-1,148
1.8395467,19.189022,17.425262,6,-1,149
-3.0026581,46.01908,-0.87157893,5,-1,150
16.25534,11.076404,-31.467178,3,-1,151
-9.808007,-14.754319,53.448227,7,-1,152
19.790663,-12.988222,-19.386782,9,-1,153
-19.508825,36.471226,11.445309,8,-1,154
-24.079323,7.087622,60.778816,1,-1,155
-22.294268,15.1215105,21.300428,6,-1,156
34.320343,9.059105,-31.125233,3,-1,157
-38.280064,-15.736947,6.979822,1,-1,158
-12.191973,-47.12579,-18.245676,4,-1,159
-36.935234,33.96021,10.111061,8,-1,160
44.48623,25.831577,-13.215297,3,-1,161
-21.578798,12.916204,50.797344,1,-1,162
-31.752117,-41.95524,40.35077,2,-1,163
5.609657,-12.871972,-30.981607,5,-1,164
-16.547277,-45.836555,-7.485096,9,-1,165
-12.733866,15.352287,-23.588448,5,-1,166
-20.804865,-46.920242,34.110634,7,-1,167
-47.244816,-15.247467,-20.488285,1,-1,168
-18.883846,11.718095,-12.860448,5,-1,169
43.257275,-10.200343,-41.89149,3,-1,170
5.2159615,-0.7978442,-36.34018,5,-1,171
15.187549,56.743206,-11.668822,3,-1,172
-6.078556,50.676617,-18.139744,5,-1,173
32.43562,34.093742,-47.46536,3,-1,174
39.273643,15.864112,-32.13293,3,-1,175
-54.57114,-4.9822955,15.022713,2,-1,176
10.851315,-61.26307,-1.5217931,4,-1,177
26.107779,-31.919758,31.33461,1,-1,178
10.195547,-4.4139457,-16.040937,5,-1,179
-36.17884,37.37732,1.1220938,8,-1,180
-26.767338,-3.215658,-12.738612,1,-1,181
-12.697361,16.302725,9.420485,8,-1,182
-30.554422,-38.959026,57.950153,2,-1,183
-28.640724,1.5328984,12.891355,9,-1,184
-10.524684,47.980232,-30.227608,5,-1,185
-29.996609,-43.906624,14.046444,7,-1,186
16.852798,-16.037273,31.343786,1,-1,187
-32.295532,-7.8156166,14.6030855,8,-1,188
-7.690471,22.06934,-15.772341,8,-1,189
-33.35348,-9.957637,-27.986383,1,-1,190
23.252094,57.057842,-7.839548,3,-1,191
11.049234,8.508059,-11.153396,9,-1,192
17.589096,15.470192,-17.411535,3,-1,193
-2.3960085,-64.74804,7.3546405,4,-1,194
0.80727655,39.241386,33.32848,0,-1,195
26.01692,49.853096,-2.614407,5,-1,196
-18.373957,11.10751,-41.051353,8,-1,197
13.918206,-29.86944,-0.57700276,0,-1,198
23.127703,46.571922,-13.412867,1,-1,199
33.446377,-16.002304,36.438065,1,-1,200
10.06772,16.757444,-15.307007,5,-1,201
-20.492094,40.63092,-30.868633,8,-1,202
30.658075,-8.294258,-61.764057,9,-1,203
35.916897,23.523092,-23.232203,3,-1,204
-58.617477,-6.4653716,12.84862,1,-1,205
-24.417273,54.75083,-4.7225547,5,-1,206
-10.600441,-15.489445,38.259354,7,-1,207
0.5701641,-55.710243,-6.8255186,4,-1,208
28.880148,7.2933254,-35.81445,3,-1,209
-6.51348,-25.290165,30.885357,7,-1,210
9.882046,8.567388,-2.2875772,9,-1,211
-25.296457,-9.243754,-10.028183,1,-1,212
25.334503,-1.9849786,-25.641415,9,-1,213
4.554767,31.312805,9.1154175,8,-1,214
-17.477861,44.0089,19.133146,8,-1,215
2.9245229,-56.930622,0.7155927,4,-1,216
43.61649,10.185281,-36.323963,3,-1,217
-17.383522,26.800062,0.40041894,8,-1,218
-5.4009104,45.074635,38.37681,6,-1,219
0.45239305,-39.800232,-10.642465,9,-1,220
-19.225046,-2.9542515,31.679836,7,-1,221
36.84796,7.46563,-42.994476,3,-1,222
-25.46463,-32.729748,15.562456,7,-1,223
-40.709503,-0.8354023,46.903675,7,-1,224
23.126484,6.5969973,-57.011818,3,-1,225
-7.2525043,9.86675,-16.629944,5,-1,226
-31.271688,-1.4629781,18.550932,6,-1,227
22.739302,-35.878258,27.440516,1,-1,228
-9.222555,-35.19873,15.595365,7,-1,229
-29.051071,-12.74151,-10.324039,0,-1,230
26.04323,33.416058,-62.421215,3,-1,231
-0.06854963,-7.17921,0.14747085,0,-1,232
-20.651274,41.19574,-17.548088,5,-1,233
6.897741,40.526276,-14.010194,5,-1,234
-29.367584,33.547993,-6.2627087,8,-1,235
-21.328085,-50.82885,30.265877,7,-1,236
38.64736,-9.247629,-38.91118,3,-1,237
-43.753624,-12.150168,-1.7688009,1,-1,238
-32.848026,-21.19938,-0.24081625,4,-1,239
42.552647,25.085695,-20.096943,3,-1,240
31.774454,25.333961,-14.37575,3,-1,241
12.714251,34.971832,-5.5368814,3,-1,242
36.593395,-2.9435384,-43.190697,3,-1,243
-27.925844,29.097029,0.32892883,8,-1,244
6.650788,-5.9993534,13.123962,0,-1,245
-13.053519,32.610115,-47.32918,5,-1,246
21.854614,17.428705,-46.364944,3,-1,247
29.61953,4.0502677,16.812315,0,-1,248
0.64356756,15.704226,2.5176795,6,-1,249
30.642292,-21.041622,36.2399,1,-1,250
-2.2645237,-13.183035,8.065101,1,-1,251
27.502413,12.326353,-64.23998,3,-1,252
21.195967,31.046507,-47.737984,3,-1,253
-18.516876,-52.995926,20.464188,7,-1,254
-0.79439193,31.665588,-4.06564,5,-1,255
-18.399601,-18.61087,27.21248,7,-1,256
-18.5946,38.31436,1.5004681,8,-1,257
6.480894,15.264055,-17.894135,5,-1,258
43.043232,27.993683,-60.800095,3,-1,259
19.92003,48.010136,-19.816696,3,-1,260
47.52398,23.669512,3.2818396,3,-1,261
22.685568,-20.753536,11.057612,0,-1,262
16.244696,-18.511345,1.5980251,0,-1,263
-5.6439633,43.520733,7.305211,5,-1,264
-13.304051,13.76793,-18.16253,8,-1,265
-0.0049123014,-10.196907,37.6005,7,-1,266
-14.345141,-43.34197,14.862988,7,-1,267
-0.9303896,-54.957344,-25.543978,4,-1,268
-33.786564,12.981607,19.978054,6,-1,269
3.6660442,-11.17941,33.021168,7,-1,270
-41.391953,-23.777893,-6.947126,1,-1,271
-17.130915,-13.003334,60.096184,2,-1,272
13.137499,19.60427,19.909893,0,-1,273
7.8302693,32.477497,-11.812,5,-1,274
-1.0328813,-12.779371,-2.3731313,0,-1,275
16.687357,-3.5356405,-14.787399,5,-1,276
-3.6562848,3.9546525,-3.4844637,0,-1,277
-20.648418,-45.319702,4.583699,7,-1,278
-5.368295,-10.631353,22.008945,7,-1,279
6.6368704,25.251644,-45.801846,3,-1,280
-32.538387,37.299915,-31.019508,8,-1,281
-6.031359,-32.004375,62.55762,2,-1,282
43.875187,10.352593,-19.621603,3,-1,283
16.470272,28.435734,-24.957176,5,-1,284
27.584263,36.706272,-45.571735,3,-1,285
18.25366,26.814909,11.115682,1,-1,286
-25.030539,25.598175,-32.56034,8,-1,287
17.907982,-17.829988,-16.515831,9,-1,288
51.1274,2.3321114,-26.120071,3,-1,289
31.20581,16.871817,-4.696783,9,-1,290
-5.186682,18.947538,26.745398,6,-1,291
-17.111202,-42.319057,35.945824,2,-1,292
42.60685,3.937264,-48.828987,3,-1,293
17.00354,-7.732497,16.464705,0,-1,294
-7.1603665,50.54783,29.15608,6,-1,295
-13.869367,-40.123566,54.779575,2,-1,296
-25.982504,38.177574,5.5704103,8,-1,297
-25.337666,35.9839,25.544361,8,-1,298
-18.67197,-24.193375,42.13868,2,-1,299
-9.114912,-50.357853,48.79516,2,-1,300
-17.081617,-17.584803,40.98148,7,-1,301
25.489796,-24.71922,21.457916,0,-1,302
11.738086,10.230926,22.10305,1,-1,303
0.38197187,-29.396816,45.98981,6,-1,304
-14.6921835,34.089886,-6.4912663,8,-1,305
10.573406,52.200848,-15.005914,5,-1,306
-17.803024,-59.517506,12.393023,7,-1,307
40.294056,29.772589,-40.281796,3,-1,308
-11.217469,0.1532952,18.738155,6,-1,309
4.7324934,-0.66583115,-25.496153,5,-1,310
-23.315031,-22.605326,52.084526,2,-1,311
-31.151945,19.79177,-36.017338,5,-1,312
-30.589832,16.509016,12.007235,8,-1,313
-16.033997,-32.403217,9.5274315,7,-1,314
-17.392128,52.782055,14.612969,9,-1,315
-26.425152,-34.50512,20.413538,7,-1,316
-0.56332695,-66.05418,-6.954964,4,-1,317
10.009002,-13.672399,23.894438,7,-1,318
-22.93073,-14.282313,1.587716,1,-1,319
-35.383774,-16.175253,38.038437,7,-1,320
-27.057951,-9.557092,14.6685705,6,-1,321
2.2842958,15.341566,6.844131,6,-1,322
10.10309,-19.588434,41.242634,1,-1,323
-4.743532,-27.933826,8.633816,1,-1,324
39.299343,21.715864,-1.5142826,3,-1,325
-5.9653068,-50.437054,-5.1531267,4,-1,326
-36.8192,-21.712683,-2.8167431,4,-1,327
25.867966,2.3157563,37.058384,7,-1,328
-16.428465,-31.64942,41.631172,2,-1,329
35.82276,33.29116,-24.210863,3,-1,330
48.883728,10.382781,-30.553295,3,-1,331
-25.49369,15.691916,51.945854,4,-1,332
-25.194508,-9.733434,55.284954,7,-1,333
-12.954523,-21.494467,52.678932,2,-1,334
25.274612,17.762102,-59.676186,3,-1,335
-43.834404,-5.175738,28.942587,7,-1,336
-0.32792002,-4.578972,-25.097967,5,-1,337
-37.85779,10.589291,10.574292,8,-1,338
25.248156,-13.612728,-59.939453,9,-1,339
-26.147497,-37.954983,65.25237,2,-1,340
11.341251,-30.362123,35.574467,7,-1,341
-31.532143,19.192904,22.271564,6,-1,342
-48.247402,-12.989628,-27.65471,1,-1,343
-30.800213,12.823563,-6.6730547,8,-1,344
-21.572638,-21.655153,-9.406923,0,-1,345
-3.7164059,-27.282356,-40.379284,9,-1,346
-20.611746,-28.459066,61.31929,2,-1,347
-9.559672,15.669051,-0.7875635,8,-1,348
27.877373,22.295277,-51.251194,3,-1,349
40.781326,26.440228,-46.04265,3,-1,350
39.75452,53.5044,-40.280876,3,-1,351
-15.836881,31.38853,-37.48601,5,-1,352
-10.092505,23.488522,23.682085,6,-1,353
-12.382305,5.362117,31.798746,6,-1,354
-30.238766,-53.087906,-5.9590073,4,-1,355
3.7334769,-35.185913,46.23533,4,-1,356
18.364264,-13.544674,37.05142,1,-1,357
10.409909,48.89412,-4.617463,5,-1,358
-26.00757,39.8888,-11.260665,8,-1,359
14.810792,21.849274,-51.840134,3,-1,360
-31.208883,-4.9613843,-22.493343,8,-1,361
-1.1939509,46.049828,-21.730387,5,-1,362
34.687035,14.772592,-21.310314,3,-1,363
25.214071,30.154768,-50.96128,3,-1,364
15.508515,-28.547523,-23.370296,9,-1,365
40.999977,42.499832,-40.638577,3,-1,366
11.669421,-18.152246,11.407443,0,-1,367
-0.9917465,27.780684,-16.380081,5,-1,368
49.05283,36.639957,-30.62107,3,-1,369
-4.6735897,-2.835548,54.917603,7,-1,370
19.54846,-26.578722,-16.117025,9,-1,371
41.068222,16.276293,-43.953175,3,-1,372
23.056532,3.0177772,25.557255,0,-1,373
-5.642822,6.5938363,2.2877471,0,-1,374
24.318138,-25.22638,-39.17026,9,-1,375
11.26252,-20.376276,-23.392508,9,-1,376
34.404156,-4.3700104,-59.00341,3,-1,377
-1.4976223,20.781836,-7.418273,5,-1,378
-14.241069,-21.456915,35.392605,7,-1,379
-21.837559,-31.395653,44.993782,2,-1,380
31.437532,33.131638,-57.63561,3,-1,381
-25.242777,39.30621,18.953749,8,-1,382
52.38812,4.1371903,-32.563984,3,-1,383
2.7936618,-29.21536,18.91798,6,-1,384
-18.92558,29.51837,4.0704694,8,-1,385
-6.213169,-41.825382,1.4435859,9,-1,386
-13.617673,0.26958716,-6.6868324,8,-1,387
22.523098,-23.207813,27.082375,1,-1,388
30.113317,-27.813936,35.4164,1,-1,389
32.655884,15.549135,-10.809761,3,-1,390
-12.30088,26.20362,14.683451,8,-1,391
34.945026,26.088337,24.674772,0,-1,392
-2.5511475,13.906188,18.610992,6,-1,393
36.12478,1.4887853,-49.007294,3,-1,394
-20.461256,-41.02978,46.273792,2,-1,395
8.17451,-14.269497,46.455692,0,-1,396
25.36902,-11.556919,0.6532563,0,-1,397
-21.679306,27.459492,-21.369547,8,-1,398
-1.0094562,-11.299985,-53.58947,1,-1,399
28.876945,20.620272,-64.509796,3,-1,400
12.356392,29.275095,-4.6808486,5,-1,401
17.410172,-45.211792,-15.864494,9,-1,402
-6.1179285,24.613024,-21.473211,5,-1,403
-6.5185266,29.286798,-40.609226,5,-1,404
-34.698902,-32.84952,20.782091,7,-1,405
-25.124231,45.79833,-4.857571,8,-1,406
41.48205,37.854343,-16.886833,3,-1,407
-2.4343612,53.873695,-8.464319,5,-1,408
-31.998985,-7.6674705,3.8680313,6,-1,409
-4.5548596,-69.26221,-11.5109,4,-1,410
-27.577679,28.046593,-21.15412,8,-1,411
44.898323,-8.808681,14.938379,1,-1,412
-22.980703,-21.889793,57.90076,2,-1,413
35.954937,-15.568345,-36.348854,9,-1,414
15.016461,9.367676,-51.344414,3,-1,415
-41.238132,16.589628,3.5057108,8,-1,416
-19.008806,-13.055414,-24.922588,1,-1,417
30.330208,-2.5631123,18.19265,1,-1,418
4.237283,-25.921972,-2.340618,9,-1,419
-15.932906,-49.598473,14.473038,7,-1,420
-46.428684,-22.790747,-6.7724276,1,-1,421
-8.021321,41.71673,2.3948627,5,-1,422
7.6649923,-2.4809883,4.892359,0,-1,423
-5.6867313,18.438465,33.3305,6,-1,424
34.255898,5.735189,-36.98306,3,-1,425
-31.77216,-20.511839,-26.337942,1,-1,426
30.064837,12.667988,32.434696,7,-1,427
23.80504,2.9462664,-71.89665,3,-1,428
-5.7120976,27.619095,45.386818,8,-1,429
-4.944223,0.84054196,2.9275467,0,-1,430
-45.21026,-8.087866,-29.219465,1,-1,431
-36.74877,-5.2439885,29.365479,7,-1,432
13.336612,-5.651693,22.672771,0,-1,433
-11.383956,-17.645594,14.311181,1,-1,434
-5.5925493,-28.881107,-23.296776,9,-1,435
-10.094125,-26.632116,22.008224,7,-1,436
-6.471521,-6.1649075,43.038486,7,-1,437
8.633465,-8.8829,4.4234815,0,-1,438
49.92499,42.2668,-38.420395,3,-1,439
50.678753,25.405153,-44.45001,3,-1,440
-31.286066,-39.838,10.746355,0,-1,441
28.3311,-6.620504,-46.73436,3,-1,442
13.8756695,15.4810095,-42.251953,3,-1,443
-36.83417,-10.249313,-18.781569,1,-1,444
5.46509,-60.987644,11.941321,4,-1,445
-41.100998,-10.763029,-32.675407,1,-1,446
-32.585155,26.316895,10.736367,8,-1,447
-17.260578,3.6092691,22.811697,6,-1,448
-35.962513,23.083967,1.8232758,8,-1,449
-4.484812,-21.834272,-40.738865,9,-1,450
43.50204,6.8679786,-30.098728,3,-1,451
-17.390015,-14.499068,-4.935149,1,-1,452
3.2590756,-37.835587,-32.85218,9,-1,453
18.216816,15.515733,-49.188572,3,-1,454
-22.980953,2.295793,30.51675,6,-1,455
-29.327467,-37.000034,26.52286,7,-1,456
16.880928,-64.58774,7.0858326,7,-1,457
-23.324497,-5.775031,43.816933,7,-1,458
-2.1752708,-8.8451185,-28.70294,5,-1,459
-33.046078,-2.8075957,-27.65522,8,-1,460
-9.331143,-35.60329,39.779205,2,-1,461
42.45843,26.184082,-5.778994,3,-1,462
-16.454971,-14.020741,16.599636,6,-1,463
-42.65214,-9.323099,38.795322,7,-1,464
-12.394071,-52.121155,22.837915,7,-1,465
12.071468,-45.182476,-8.758948,9,-1,466
-40.834396,-2.5226667,16.451113,8,-1,467
30.046965,-6.376987,26.008753,0,-1,468
22.78914,38.909203,-19.854874,3,-1,469
-16.881273,-3.3401198,16.471384,6,-1,470
-5.425811,-35.32133,-13.756985,9,-1,471
-14.090595,24.26467,-21.776617,5,-1,472
-3.7859185,37.140545,-2.9384367,5,-1,473
25.841099,-26.898104,-1.1034112,9,-1,474
16.665342,-34.488827,-8.843813,9,-1,475
-9.341858,-33.287365,30.834816,7,-1,476
16.935541,6.5327697,-34.139526,3,-1,477
-25.956882,-1.3975289,-8.058328,1,-1,478
0.48925593,-50.305088,24.02098,4,-1,479
34.56218,30.214804,-2.080463,3,-1,480
-20.54742,-33.88692,54.534096,2,-1,481
-31.808006,23.474495,-32.725567,8,-1,482
12.45174,-14.277189,-0.7698597,0,-1,483
-42.90008,-15.943084,-11.248868,4,-1,484
17.025572,-0.28158516,-40.039646,3,-1,485
35.590385,20.982924,-45.267952,3,-1,486
41.852795,30.446566,-53.023315,3,-1,487
24.137058,-2.1934106,44.77266,7,-1,488
-28.655,21.65989,11.087531,8,-1,489
44.45468,41.01697,-27.200201,3,-1,490
11.4087715,-11.853749,-26.252594,5,-1,491
-15.0243025,52.20889,-18.67822,5,-1,492
48.008835,20.985157,-9.665954,3,-1,493
40.427452,32.040916,-19.313044,3,-1,494
-10.027703,45.54404,-17.897158,5,-1,495
3.5787487,38.845688,8.449797,8,-1,496
6.0458336,10.75728,24.924152,8,-1,497
-4.479157,46.20814,28.434538,6,-1,498
-24.903746,32.966156,9.769483,8,-1,499
2.8977392,-32.674946,14.31988,7,-1,500
-25.268082,-37.993694,49.698467,2,-1,501
37.240673,-12.053976,35.207222,7,-1,502
-11.298763,-4.1022434,37.647346,7,-1,503
25.725328,1.8698224,-36.83243,3,-1,504
28.660187,5.712488,40.915607,7,-1,505
-29.332518,-24.869772,1.9755888,4,-1,506
11.935873,1.3050131,-27.304726,5,-1,507
56.70799,11.993513,-27.006414,8,-1,508
-11.393464,-42.580746,31.72127,7,-1,509
-36.808304,-1.7244935,-31.957922,8,-1,510
-16.91081,-38.39732,49.610043,2,-1,511
-15.757062,-26.182981,57.299046,2,-1,512
53.279236,33.41629,-35.963657,3,-1,513
15.792947,-18.788195,24.886183,1,-1,514
11.4862585,26.837748,46.986214,0,-1,515
2.3536396,46.775158,-13.791195,5,-1,516
53.30892,16.883417,-25.666351,3,-1,517
-43.993504,-18.449013,20.485384,9,-1,518
-26.314186,16.74752,-24.195631,5,-1,519
-23.855156,-12.344794,-23.026539,1,-1,520
-8.048421,-42.683037,-18.893946,9,-1,521
7.136387,2.722547,-16.390732,5,-1,522
1.4381437,-36.47025,-17.3603,9,-1,523
-16.54564,33.958996,-12.115606,5,-1,524
-11.118659,-65.82835,-22.114647,4,-1,525
13.508174,60.30213,-7.2534504,5,-1,526
-33.6974,30.122053,-11.898201,8,-1,527
43.52137,-24.966473,-0.35599208,1,-1,528
-24.957472,-21.124504,28.538887,7,-1,529
11.714298,7.7050247,-45.707092,3,-1,530
-6.495214,-10.549493,-2.0744653,1,-1,531
41.438763,48.508854,-48.169605,3,-1,532
-37.8501,-2.416154,-20.375896,8,-1,533
-18.020792,0.40466097,54.578377,2,-1,534
-22.521534,-48.780746,45.302,2,-1,535
-44.055374,-32.641098,32.96808,7,-1,536
-5.0381103,-24.600307,45.921265,2,-1,537
7.117064,3.8914986,-47.56303,5,-1,538
11.577387,11.435694,-24.765516,5,-1,539
41.12734,35.437386,-37.963673,3,-1,540
12.6014185,-55.04378,7.1304913,4,-1,541
36.632,27.624638,30.305363,6,-1,542
1.5529559,-56.106792,-18.845646,4,-1,543
-36.727257,2.5165555,-28.581644,8,-1,544
24.151451,9.322891,-39.91318,3,-1,545
42.392464,28.527863,-25.473066,3,-1,546
-13.358039,-35.865818,44.23853,2,-1,547
-9.349449,-21.175371,18.068586,6,-1,548
-14.442572,-1.2497969,-22.996721,1,-1,549
-9.55018,-25.183027,-2.0002224,9,-1,550
9.015885,-29.33301,-31.214699,9,-1,551
-4.42623,27.492283,-26.72085,5,-1,552
-41.575706,-12.285343,3.6296356,1,-1,553
27.890137,27.862371,-57.383015,3,-1,554
3.992825,-46.348278,28.983604,6,-1,555
-35.214535,-33.518265,41.63111,2,-1,556
-30.052713,-48.860218,5.036506,7,-1,557
-2.3066082,-5.714831,23.656328,7,-1,558
-9.946411,19.384964,28.686,6,-1,559
-18.378792,47.716484,-4.30757,5,-1,560
6.0046377,-63.60271,-5.5834513,4,-1,561
-13.122338,-45.454105,51.717705,2,-1,562
0.21234572,-1.994424,53.979836,7,-1,563
-23.875921,-58.925182,18.188915,7,-1,564
-16.501375,-4.461589,-15.97047,1,-1,565
14.663206,14.561093,-54.976826,3,-1,566
-26.48993,-22.482254,7.3611994,4,-1,567
23.24817,13.69094,-54.538223,3,-1,568
-3.9621873,8.48744,31.110641,6,-1,569
1.5229392,23.108742,47.32861,6,-1,570
4.327698,-33.35774,-12.34903,9,-1,571
45.542225,33.134167,-8.117583,3,-1,572
25.610584,-5.646063,1.789241,1,-1,573
-5.4323792,-44.843105,60.020664,2,-1,574
-18.862288,-31.781477,48.952515,2,-1,575
-29.170162,15.820506,-13.064699,8,-1,576
52.4149,8.408292,-16.580748,3,-1,577
-0.9036913,-47.493805,-30.444334,9,-1,578
-34.32419,-14.733136,-25.33289,1,-1,579
-25.620491,-46.888214,25.69719,7,-1,580
-3.522148,39.024376,-8.283459,5,-1,581
23.897278,5.236289,-1.0569079,1,-1,582
-5.07221,-45.124355,21.332275,7,-1,583
-6.2495904,22.96413,-5.2210455,8,-1,584
22.958654,21.681923,-14.6568575,3,-1,585
-10.384226,-3.1204371,60.848583,7,-1,586
-21.027565,-42.730137,19.233845,7,-1,587
1.5888313,34.312794,-20.51228,5,-1,588
21.517456,39.32437,-42.948753,3,-1,589
-9.268795,-40.837894,61.22784,2,-1,590
9.745841,10.49319,-57.471382,3,-1,591
-13.047049,14.901365,34.016216,6,-1,592
-14.89366,-51.92217,37.434162,2,-1,593
21.442886,15.805743,-8.955745,9,-1,594
36.478203,-22.838526,-37.319862,9,-1,595
-11.321296,-50.411465,-25.791384,4,-1,596
25.757181,13.408538,29.294992,7,-1,597
-29.451382,-14.338923,4.367982,4,-1,598
-35.835464,-8.9337,43.57735,7,-1,599
17.744774,39.333843,-24.346191,5,-1,600
-39.73419,-3.6301003,-26.809547,1,-1,601
-26.310472,35.54615,-2.1830668,8,-1,602
-7.482755,21.610212,13.749309,6,-1,603
38.34859,39.252953,-31.376453,3,-1,604
-20.464436,-35.578712,65.86021,2,-1,605
30.872393,0.15796448,43.81771,7,-1,606
33.74041,-17.45285,20.87397,1,-1,607
-48.310753,-7.9426694,26.469118,1,-1,608
23.180563,41.034966,-53.39876,3,-1,609
-16.964993,-6.076211,36.126225,7,-1,610
49.968067,16.740911,-32.366283,3,-1,611
-14.783497,42.008923,-33.148014,5,-1,612
-10.63811,41.824123,-25.903242,5,-1,613
-48.70189,-11.14122,-16.656769,1,-1,614
-14.041505,4.7579217,-33.38873,5,-1,615
-5.9398904,-15.696618,-38.717113,0,-1,616
41.534748,6.4259667,18.045984,7,-1,617
7.4377575,-5.2798505,31.555378,0,-1,618
53.53789,17.370121,-19.299637,3,-1,619
0.75706357,-65.656136,3.131647,4,-1,620
44.50595,3.1487494,1.7964717,1,-1,621
33.94628,28.941057,-17.991982,3,-1,622
6.874393,1.6126387,32.20435,6,-1,623
-8.747486,-32.01723,-29.094975,9,-1,624
44.993748,28.543709,-43.174973,3,-1,625
34.19665,44.71555,-48.51094,3,-1,626
-20.539015,-41.85165,10.929772,7,-1,627
-10.296481,-58.017162,-5.4373403,4,-1,628
33.514206,26.68083,-35.360302,3,-1,629
-25.507206,21.664804,0.2960906,8,-1,630
0.08140683,5.542938,3.2433567,0,-1,631
-23.104506,-11.284188,35.01484,7,-1,632
-37.591858,14.481574,-14.07743,5,-1,633
5.569152,-60.5752,-20.783777,4,-1,634
5.498284,-0.78807765,61.530476,7,-1,635
-4.020835,27.65123,-33.574696,5,-1,636
-23.450035,-51.232754,12.589104,7,-1,637
1.1847489,3.4235957,-14.738314,5,-1,638
35.65177,-22.30164,-11.652906,1,-1,639
23.14127,7.195197,12.636861,7,-1,640
-15.637467,-3.4670823,58.978382,7,-1,641
-13.2718935,40.39699,5.435071,8,-1,642
3.95073,-39.477848,-1.308428,9,-1,643
5.2838526,16.993288,-47.322357,5,-1,644
53.54482,19.372347,-35.577812,3,-1,645
-16.150581,51.433186,-30.032578,8,-1,646
-6.528887,-37.96249,-32.657745,9,-1,647
24.770134,-52.355213,-3.6143608,9,-1,648
-1.196231,-10.275901,-9.407116,0,-1,649
-43.96855,-0.5057317,40.0392,0,-1,650
31.067196,0.5989003,-51.669422,3,-1,651
29.817732,-14.287195,8.302591,0,-1,652
-12.785727,9.872179,5.9341607,0,-1,653
30.255312,13.553661,-55.24537,3,-1,654
-32.733036,39.624584,-7.9819007,8,-1,655
47.75989,28.406513,-23.049309,3,-1,656
53.994896,19.077158,2.1556401,3,-1,657
-20.34261,-56.480164,34.716114,4,-1,658
-11.382203,37.052097,-45.251766,5,-1,659
45.779686,10.320857,-48.964436,3,-1,660
-23.698235,-37.207302,3.4288993,7,-1,661
10.848844,-38.32,-11.776044,9,-1,662
3.4873774,-28.391853,49.429184,2,-1,663
16.901411,15.332559,20.519352,0,-1,664
0.6262712,14.60293,-25.901491,5,-1,665
34.82333,32.93729,-65.89592,3,-1,666
-12.724195,40.42285,-10.704483,5,-1,667
36.150246,26.48287,-29.746216,3,-1,668
-37.23979,-36.966434,5.50323,0,-1,669
-19.718157,-29.287657,66.896164,2,-1,670
19.572187,1.4564177,11.184271,1,-1,671
-19.797426,9.696521,35.05596,6,-1,672
-46.618767,-0.04267951,28.479288,6,-1,673
-37.00771,9.9255295,35.698093,6,-1,674
-1.8907081,2.7848163,-30.474459,5,-1,675
-29.752287,-8.797663,44.463734,7,-1,676
35.113934,51.196995,-39.794765,3,-1,677
-2.0416374,34.380394,-54.533085,8,-1,678
-8.378972,9.09976,52.45552,1,-1,679
38.53177,10.917128,-54.029354,3,-1,680
-23.067041,-16.033117,32.10463,2,-1,681
2.4620361,-37.609882,-26.684752,9,-1,682
22.256798,32.290054,-9.464569,5,-1,683
22.387945,-6.8670654,-45.191315,3,-1,684
-2.1905046,-21.360651,48.765022,2,-1,685
27.383917,-2.1453164,-31.836782,3,-1,686
10.453444,-63.174744,14.72833,7,-1,687
-37.003464,3.8206775,16.492603,8,-1,688
17.660976,23.537008,33.436737,9,-1,689
-2.9141705,-25.430391,-1.1951736,7,-1,690
-15.284998,25.34492,29.58252,6,-1,691
-15.995643,38.041206,20.860912,8,-1,692
-3.2205129,-43.89518,-6.39482,4,-1,693
-0.40700874,32.08801,-37.967873,5,-1,694
-38.016853,1.9747611,28.8051,5,-1,695
-14.846364,44.09456,-21.279753,5,-1,696
1.1567537,29.055782,5.9087014,0,-1,697
-0.43734074,-64.17358,-25.940996,4,-1,698
-10.106517,6.2977633,48.31784,1,-1,699
-4.6237097,-59.409176,-17.753263,4,-1,700
-45.845554,-9.171004,7.815828,4,-1,701
-18.173492,-15.968022,21.208288,7,-1,702
-20.077253,36.053425,-35.803604,5,-1,703
22.398914,10.919621,26.45897,0,-1,704
50.551144,-17.324465,0.57778233,1,-1,705
-22.469542,30.150986,21.83259,8,-1,706
29.938215,12.480556,-47.509464,3,-1,707
17.79046,2.6423533,-26.671612,5,-1,708
-4.9344707,50.723568,-32.002537,5,-1,709
8.073632,10.249697,39.093735,6,-1,710
-16.76548,20.599535,-39.618053,8,-1,711
6.1605783,40.908066,-24.89752,5,-1,712
14.599924,-51.026257,11.138019,4,-1,713
35.380386,7.489285,31.241917,7,-1,714
17.484581,-28.177229,13.749781,0,-1,715
17.571056,-4.3086963,46.94194,7,-1,716
36.738094,-22.735184,-17.017643,3,-1,717
-28.655247,-55.27389,14.8325205,0,-1,718
10.581996,12.4481,-47.317455,3,-1,719
-11.331371,-53.753242,-9.510998,4,-1,720
-5.1924515,22.12925,-36.140263,5,-1,721
22.233599,53.07308,-4.784983,5,-1,722
34.375675,18.011017,-16.435335,3,-1,723
-23.89574,19.719618,-26.898699,8,-1,724
-1.6784177,18.101183,-17.923681,5,-1,725
36.152798,37.915115,-39.593216,3,-1,726
14.371403,33.670673,2.314167,1,-1,727
43.225433,-19.838015,-19.738459,1,-1,728
-43.56354,-14.664291,-15.891412,1,-1,729
-12.51679,-35.310875,2.762622,7,-1,730
-20.768887,27.266113,11.729873,8,-1,731
10.386787,-55.6653,-8.85661,4,-1,732
34.798656,5.8035717,-56.83409,3,-1,733
49.79028,4.375232,-48.873447,3,-1,734
-30.580292,16.19503,1.0319266,6,-1,735
43.79285,34.109585,-0.8369185,3,-1,736
8.076287,-41.281506,-33.92238,9,-1,737
47.069996,39.43002,-9.747861,3,-1,738
30.0886,-17.814535,16.610384,0,-1,739
19.219315,-9.044777,21.077448,0,-1,740
0.17675295,-45.188774,-22.265924,4,-1,741
-19.307667,38.755684,-6.786369,5,-1,742
-6.080832,-31.498379,-18.674498,9,-1,743
32.09954,-4.568575,-3.5212796,1,-1,744
-5.72074,-56.86456,-22.593699,4,-1,745
-3.838946,-12.424735,46.567726,7,-1,746
-13.920948,-33.567207,60.8149,2,-1,747
-5.1836877,24.000538,32.35334,6,-1,748
17.336554,-7.701958,40.81706,7,-1,749
29.605478,43.701744,-51.51744,3,-1,750
-31.598951,24.652388,-0.73282903,8,-1,751
23.75597,5.009261,-48.573254,3,-1,752
39.626682,-6.3279476,-24.741154,3,-1,753
-16.792624,10.0522375,16.222748,6,-1,754
-25.236792,13.683614,28.322985,6,-1,755
-37.09684,-31.081717,38.213974,2,-1,756
-6.905021,49.734585,-26.320353,5,-1,757
-6.162509,21.257372,8.496954,6,-1,758
41.81457,35.303528,-31.415232,3,-1,759
-16.773508,-29.902592,-11.4740925,9,-1,760
5.1052027,-41.646675,33.823685,6,-1,761
-15.980352,-33.50801,20.11201,7,-1,762
14.238142,-15.111851,-23.329617,5,-1,763
42.56489,5.8101196,-20.537075,3,-1,764
-22.495502,8.732855,29.824097,6,-1,765
11.909056,-13.8726225,-19.046532,9,-1,766
40.26872,-0.059318513,-29.32498,3,-1,767
2.7338011,-14.782862,47.85381,7,-1,768
-50.020332,12.577283,16.268967,6,-1,769
-8.901684,-11.869189,30.37688,7,-1,770
21.890547,28.38515,-25.683523,3,-1,771
4.773726,-26.1516,27.87734,7,-1,772
-13.676977,-50.508194,31.509928,7,-1,773
-24.76207,32.680656,16.630909,8,-1,774
-37.741947,-41.14388,13.031826,0,-1,775
22.846994,-15.617434,13.401792,0,-1,776
-18.771694,-42.469627,55.785038,2,-1,777
-32.817566,26.885271,-7.4663363,8,-1,778
-13.643977,-24.196262,30.148502,7,-1,779
31.87918,-12.4065895,-47.461166,3,-1,780
40.44133,20.473137,-10.009247,3,-1,781
-2.410319,-19.355364,-14.714441,0,-1,782
-10.919981,-29.194065,62.848476,2,-1,783
6.000055,-67.28842,-17.357391,4,-1,784
3.6633706,14.255025,-31.916801,5,-1,785
-42.206097,-2.5315056,23.425272,8,-1,786
24.811373,9.893771,-32.784065,3,-1,787
-35.582832,-29.187263,30.638206,7,-1,788
-21.450167,17.312584,-7.1302156,8,-1,789
-24.351767,-0.7233632,5.481568,9,-1,790
-18.445417,45.03418,11.864333,0,-1,791
-37.227978,5.5121,8.356595,7,-1,792
18.641542,-0.157923,27.765322,0,-1,793
26.48697,-47.670456,-4.088883,9,-1,794
40.78665,-16.799307,-2.5372584,1,-1,795
54.93089,22.680693,-1.8849612,3,-1,796
-11.151501,-57.62142,-19.47626,4,-1,797
10.493246,-34.325203,21.89977,7,-1,798
1.6379316,-44.34428,39.093414,2,-1,799
6.605942,-55.67424,-3.3442125,4,-1,800
34.850956,35.560356,-13.19982,3,-1,801
-39.268593,26.799929,-0.8931081,8,-1,802
-2.1537263,-42.882225,-15.131428,9,-1,803
-15.623926,-43.154335,8.22054,7,-1,804
1.8742563,-56.875095,16.945436,4,-1,805
-6.1214423,33.69385,-37.831257,5,-1,806
-25.627075,-41.215,28.136072,7,-1,807
20.676615,-27.941605,-25.979954,9,-1,808
22.043373,-0.8608695,1.3551747,1,-1,809
3.9604456,48.714127,18.943216,0,-1,810
30.921068,-18.064138,26.740664,1,-1,811
3.3214457,-46.086323,-13.388852,4,-1,812
-12.946726,13.55214,19.525463,6,-1,813
20.9708,27.760113,-13.300526,3,-1,814
-12.181818,37.335503,-21.1076,5,-1,815
35.547318,17.278095,-51.802235,3,-1,816
42.450382,0.45708582,17.883814,1,-1,817
5.9114575,27.26885,-19.775677,5,-1,818
12.922093,-7.0936995,9.119592,0,-1,819
-5.3107305,-15.364926,57.999542,7,-1,820
1.4895526,48.66408,24.463348,9,-1,821
-9.006879,33.230095,3.4135528,8,-1,822
-12.623415,29.15744,-28.766647,5,-1,823
1.4205298,-53.278633,-12.593028,4,-1,824
-49.676937,6.535232,15.927888,4,-1,825
22.44508,-8.540132,-56.95128,9,-1,826
-29.265009,-24.104319,56.502228,2,-1,827
-39.243362,-5.3049912,10.125098,4,-1,828
-12.26543,-17.854193,-9.024513,1,-1,829
52.236973,24.003359,-18.092085,3,-1,830
52.186325,-15.143177,-19.478355,2,-1,831
-6.2506185,12.717534,36.615482,6,-1,832
-1.0537629,-13.832003,13.194632,6,-1,833
-0.41413954,-17.09799,-10.845751,0,-1,834
-10.609109,-47.61955,6.0216575,7,-1,835
25.1871,8.899381,-24.656204,3,-1,836
35.886013,-24.551859,15.024535,9,-1,837
10.766026,-5.8158507,-37.929005,5,-1,838
-15.864349,20.643414,21.802872,6,-1,839
-11.963647,-35.38664,-18.2011,9,-1,840
-5.1228533,35.005062,-24.624731,5,-1,841
9.483957,-59.273163,-15.31964,4,-1,842
-20.375359,14.772246,4.9930453,8,-1,843
48.31671,21.517284,-3.9242067,3,-1,844
-10.365845,35.953785,20.022642,0,-1,845
-16.63524,9.615449,22.874353,6,-1,846
16.688898,9.48607,-16.10843,5,-1,847
-0.035223894,18.619946,45.610973,6,-1,848
-9.313483,-56.1616,19.886389,7,-1,849
-14.378766,-6.0916004,-6.727127,1,-1,850
32.965897,24.206366,-55.890606,3,-1,851
0.7310283,38.479664,1.2051239,5,-1,852
41.481575,16.732841,-19.802994,3,-1,853
-21.375626,48.251377,-0.6362931,8,-1,854
9.099036,-30.941835,0.55330294,9,-1,855
9.5510435,-44.293633,-16.065239,9,-1,856
-29.341576,28.41444,13.915144,8,-1,857
12.561226,-36.261547,-5.1252694,9,-1,858
5.483782,55.807133,-19.826221,5,-1,859
-26.300758,-38.636654,9.053502,7,-1,860
-15.77684,-44.755882,42.826904,2,-1,861
-24.854616,-18.236256,42.246426,2,-1,862
-11.677107,-14.514466,-4.982219,1,-1,863
-31.110914,35.57087,4.3912973,8,-1,864
43.65204,50.270264,-30.178968,3,-1,865
10.819661,22.499746,-2.778969,1,-1,866
17.849907,-60.165157,-3.831939,4,-1,867
-23.985634,34.288746,-12.320159,8,-1,868
34.42501,43.41066,-22.797852,3,-1,869
5.618832,26.41688,50.08153,0,-1,870
44.666588,34.224575,-24.112478,3,-1,871
7.569552,6.5191402,13.6022215,8,-1,872
7.6962667,12.713368,34.143215,6,-1,873
-25.86349,-23.080288,-15.032539,1,-1,874
32.924866,-20.945644,-20.963278,5,-1,875
-53.538147,16.025917,17.353647,7,-1,876
-24.936937,-5.3455076,4.2486033,1,-1,877
-48.416847,0.09683582,15.546112,4,-1,878
5.6464972,-41.104015,-7.9268646,9,-1,879
1.4240818,29.013748,-26.20265,5,-1,880
-29.903341,-19.15856,40.0109,7,-1,881
7.633675,26.266296,29.688766,6,-1,882
-33.71451,39.42533,11.7778635,8,-1,883
24.08329,26.499304,-40.263657,3,-1,884
-7.084434,-42.048164,-35.847202,9,-1,885
5.706459,6.502494,-30.232256,5,-1,886
27.92705,19.520573,46.944946,0,-1,887
21.164633,30.27615,11.467621,8,-1,888
-18.075058,-40.49441,26.243383,7,-1,889
-15.18392,-37.57712,15.088259,7,-1,890
-37.708767,-43.698494,24.3384,0,-1,891
6.156688,-36.27743,-22.972534,9,-1,892
-39.287254,-1.8149934,6.0713267,4,-1,893
52.389755,31.586956,-14.262028,3,-1,894
18.095444,24.803307,-40.1621,3,-1,895
-38.89693,-13.488559,41.940838,7,-1,896
-3.7968438,-59.37483,-7.7218313,4,-1,897
34.502922,-8.499917,-1.4157559,1,-1,898
-15.340163,-8.602739,-12.757214,1,-1,899
-3.6162918,9.685169,16.557737,6,-1,900
1.1410143,-29.52286,60.03473,2,-1,901
-26.383799,-30.284422,50.57672,2,-1,902
-33.72414,0.4412161,-22.559586,8,-1,903
-12.366588,12.819222,-34.05552,5,-1,904
-1.7510587,-23.851227,-26.413147,9,-1,905
21.70959,21.391193,-25.873775,3,-1,906
-35.281963,-48.856007,13.80154,0,-1,907
-16.652655,8.417157,-31.226082,5,-1,908
18.291763,42.75382,-18.383572,5,-1,909
-14.960432,-10.366284,6.7764225,1,-1,910
-30.243422,-24.712885,-12.686676,8,-1,911
10.090967,-4.7975044,-9.469391,5,-1,912
-1.4002426,-43.610775,15.249869,7,-1,913
-29.417778,26.443241,-38.9148,8,-1,914
46.961975,33.986595,-17.644833,3,-1,915
-1.3422475,1.8993121,46.488853,7,-1,916
-22.515932,12.777366,-35.078487,8,-1,917
23.160759,53.2555,-18.646301,3,-1,918
-28.253479,50.59316,-7.674322,5,-1,919
36.219215,26.524763,19.971792,6,-1,920
35.271217,11.630401,-38.290882,3,-1,921
19.687588,36.85502,-53.812405,3,-1,922
15.505769,-5.411914,-44.82999,3,-1,923
22.745499,1.3453175,6.388304,1,-1,924
-9.098536,-11.2344475,14.109352,1,-1,925
-13.622456,14.072354,-3.0459366,8,-1,926
6.72594,-21.024246,37.19249,7,-1,927
-27.384106,43.085083,11.10112,8,-1,928
-16.000256,30.228245,-16.057648,5,-1,929
-1.9749026,-50.108982,17.600712,7,-1,930
-2.2827907,23.64654,22.07507,6,-1,931
2.2668521,-12.011607,16.941776,7,-1,932
24.217543,2.6747224,15.900785,0,-1,933
3.7069666,-50.023216,-6.0347333,4,-1,934
-8.701252,28.60972,39.39796,6,-1,935
6.083147,14.674016,28.244715,6,-1,936
-15.5758,-24.073912,-2.955077,1,-1,937
40.067463,43.1035,-48.90697,3,-1,938
2.750131,-1.4517379,13.396169,0,-1,939
37.352345,30.250551,-55.441143,3,-1,940
30.302547,37.01354,-33.569874,3,-1,941
-7.0944095,-29.479921,-12.143689,9,-1,942
-33.01063,-47.670723,23.726416,0,-1,943
-18.795834,36.55909,-18.536024,5,-1,944
-14.36977,-6.233587,1.2941543,1,-1,945
-38.316303,-0.98653793,1.1629714,8,-1,946
26.84157,21.018044,-17.789557,3,-1,947
-12.551883,-18.248926,8.194811,1,-1,948
14.229883,44.825527,-11.994384,5,-1,949
-22.336945,-33.21545,-12.552465,9,-1,950
28.383307,44.89135,-45.122208,3,-1,951
-27.3924,-23.53291,23.2617,7,-1,952
30.313976,10.031219,-11.431488,9,-1,953
-7.071197,-41.543358,29.515364,7,-1,954
-5.4781504,-50.02726,-12.246047,4,-1,955
-9.436223,48.07516,-10.003785,8,-1,956
-26.813366,9.353464,55.55904,2,-1,957
6.0697923,-50.78773,-19.616014,4,-1,958
9.016265,56.344788,-25.889841,5,-1,959
33.867325,27.037594,-45.9278,3,-1,960
0.28451744,-18.10949,21.031258,7,-1,961
50.210667,5.5720997,-38.256016,3,-1,962
-22.765097,-18.682667,47.591076,2,-1,963
-21.232489,-36.392467,35.763977,2,-1,964
-18.993912,9.208149,9.364417,6,-1,965
-4.231844,7.9114695,58.609062,1,-1,966
12.561612,-1.5977749,-22.403107,5,-1,967
25.077785,30.199547,-35.789993,3,-1,968
42.68791,16.850952,-36.913857,3,-1,969
26.151924,-6.370761,-38.747147,3,-1,970
12.478754,-2.4769876,42.74783,7,-1,971
-38.486176,-40.68751,19.449057,0,-1,972
40.233208,45.804695,-34.695465,3,-1,973
7.133626,31.815083,29.071848,0,-1,974
-26.541758,29.831112,-9.944498,8,-1,975
-16.52331,-11.212373,54.830498,7,-1,976
-23.347155,24.140823,-11.573043,8,-1,977
47.19916,13.259573,-4.3042135,3,-1,978
34.31937,22.324055,-62.97798,3,-1,979
-17.417004,16.900578,27.847744,6,-1,980
41.74123,4.1117477,-38.762836,3,-1,981
7.755117,2.4954572,2.1525779,0,-1,982
45.692097,-18.837507,-0.7433207,1,-1,983
6.5202727,-50.84443,1.0363909,4,-1,984
-23.419895,15.507714,-14.050525,8,-1,985
-21.964243,-18.747202,-13.164401,1,-1,986
31.941612,29.319105,-23.808243,3,-1,987
1.9610113,-33.306137,22.540815,7,-1,988
-24.50162,33.270985,-33.2035,8,-1,989
39.79756,30.779623,-11.85647,3,-1,990
-46.013123,-5.5743794,-17.374086,1,-1,991
0.19939438,41.323616,-39.30136,5,-1,992
0.6323332,-50.10632,1.5244092,4,-1,993
-43.37337,-46.618774,28.075089,0,-1,994
14.772009,-21.993551,21.375156,1,-1,995
23.153973,13.490551,7.9052806,5,-1,996
23.362173,21.59393,-32.85233,3,-1,997
-42.462307,-0.17667177,33.752167,0,-1,998
-28.989645,33.581837,-27.77997,8,-1,999
